<?xml version="1.0" encoding="ASCII"?>
<EM:ExpertModule xmi:version="2.0" xmlns:xmi="http://www.omg.org/XMI" xmlns:xsi="http://www.w3.org/2001/XMLSchema-instance" xmlns:EM="http:///com.cerner.expert/expertmodule/1.0.0" moduleName="BCC_OE_PED_ADULT_PP">
  <information>
    <runtimeInformation versionString="001.040" externalFileName="BCC_OE_PED_ADULT_PP" lastUpdated="2022-03-13T13:36:14.000-0700" validtionType="PRODUCTION" priorityLevel="99" title="BCC_OE_PED_ADULT_PP" reconcileFlag="1" reconcileDate="2022-03-13T13:36:15.000-0700">
      <duration start="2021-06-16T00:00:00.000-0700" end="2100-12-31T23:59:59.000-0800"/>
      <updateUser userName="Cummings, Chad"/>
    </runtimeInformation>
    <documentation author="chad.cummings" institution="" specialist=""/>
  </information>
  <expertTemplates>
    <events>
      <event name=""/>
      <event name="ADDPROBLEM" number="2500"/>
      <event name="ADDTOSCRATCHPAD" number="2501"/>
      <event name="ALLERGY_EVENT" number="3100"/>
      <event name="AP_ORDER_EVENT" number="150"/>
      <event name="BB_RESULT_EVENT" number="101"/>
      <event name="CBTFLEXORDERS" number="2520"/>
      <event name="CHART_SERVER_EVENT" number="250"/>
      <event name="CLINICALTRIALSCREEN" number="402"/>
      <event name="CLINICAL_EVENT" number="350"/>
      <event name="CLOSECHART" number="2503"/>
      <event name="COLLECTION_EVENT" number="600"/>
      <event name="DCP_CN_TASK_UPD" number="532"/>
      <event name="DCP_MODTASK_EVENT" number="3636"/>
      <event name="DCP_PW_COND" number="529"/>
      <event name="DCP_PW_OUTCOME_EVENT" number="531"/>
      <event name="DIAGNOSIS_EVENT" number="3001"/>
      <event name="EKS_FORMAT" number="521"/>
      <event name="EKS_SYNC_TEST01" number="98"/>
      <event name="EKS_TEST_02" number="9999"/>
      <event name="EKS_TEST_EVENT" number="99"/>
      <event name="EKS_TEST_EVENT01" number="400"/>
      <event name="ENSURE_EVENT" number="520"/>
      <event name="EXPERT_EVENT" number="401"/>
      <event name="HEALTHE_EVENT" number="3200"/>
      <event name="HEALTH_MAINT_QUAL_EVENT" number="451"/>
      <event name="HIM_ADD_REQUEST" number="515"/>
      <event name="HIM_ADMIT_EVENT" number="511"/>
      <event name="HIM_PATIENT_INFO_REQUEST" number="530"/>
      <event name="HIM_TEST_EVENT" number="510"/>
      <event name="HL7_EVENT" number="7"/>
      <event name="MB_EXPEDITE" number="201"/>
      <event name="MB_RESULT_EVENT" number="102"/>
      <event name="MB_SCRIPTED_WORKUPS" number="203"/>
      <event name="MB_SUSCEPTIBILITY" number="202"/>
      <event name="MDI_RESULT_EVENT" number="700"/>
      <event name="MEDCHARTACTIVATE" number="2505"/>
      <event name="MPI_ADT" number="601"/>
      <event name="OPENCHART" number="2502"/>
      <event name="ORDER_EVENT" number="300"/>
      <event name="ORDER_PRO_TEST1" number="2000"/>
      <event name="PATIENT_EVENT" number="500"/>
      <event name="PCA_EXPERT_EVENT" number="403"/>
      <event name="Person_Transaction" number="501"/>
      <event name="PFT_Add_Account" number="1010"/>
      <event name="PFT_ADJ_WO" number="1000"/>
      <event name="PFT_CHARGE_EVENT" number="903"/>
      <event name="pft_check_amount" number="1015"/>
      <event name="PFT_VEHICLE" number="1001"/>
      <event name="PNTFLEXREFRANGE" number="2507"/>
      <event name="POWERPLANFLEX" number="2508"/>
      <event name="PROBLEM_EVENT" number="2601"/>
      <event name="PROFIT_1450_CLAIM_EVENT" number="901"/>
      <event name="PROFIT_1500_CLAIM_EVENT" number="902"/>
      <event name="PROVIDER_CHG_EVENT" number="10"/>
      <event name="PROVIDE_EVENT" number="2324"/>
      <event name="PWRCHRT_ADD_ORDER" number="2323"/>
      <event name="RESULT_EVENT" number="100"/>
      <event name="RESULT_EVENT_CSM" number="124"/>
      <event name="RESULT_EVENT_TEST" number="123"/>
      <event name="SAASADDTOSCRATCHPAD" number="2512"/>
      <event name="SCH_ACTION_EVENT" number="820"/>
      <event name="SIGNORDER" number="2504"/>
      <event name="SN New Pref Card Created" number="10000"/>
      <event name="SN_CASE_CHECK_IN_EVENT" number="802"/>
      <event name="SN_CASE_EVENT" number="801"/>
      <event name="SN_CASE_SCHEDULE_EVENT" number="804"/>
      <event name="SN_DOCUMENT_OPEN" number="800"/>
      <event name="SN_DOCUMENT_STATE" number="806"/>
      <event name="SN_FINALIZE_DOC_EVENT" number="803"/>
      <event name="SN_PROCEDURE_SCHEDULE" number="807"/>
      <event name="SN_SAVE_PROCEDURE" number="805"/>
      <event name="SN_TEST_EVENT" number="899"/>
      <event name="SOCIAL_HISTORY_ADD" number="750"/>
      <event name="SYNCHEVENT" number="2506"/>
      <event name="TOCFLEX" number="2550"/>
      <event name="TOUCHOPENCHART" number="2510"/>
    </events>
    <evokeTemplates>
      <templateDefinitions xsi:type="EM:ExpertTemplate" name="EKS_ORDER_LIST_E" definition="an order ORD_METHOD OPT_ORDERS with status of OPT_ORDER_STATUS and an optional order detail of OPT_ORDER_DETAIL that OPT_QUALIFIER OPT_LIST" description="Orderable, status, attributes" eventDependency="//@expertTemplates/@events/@event.39" optimizable="true" reconcilable="true">
        <keywords>ORDER</keywords>
        <arguments xsi:type="EM:ReferentialArgument" name="ORD_METHOD" dataType="CHARACTER" controlType="REFERENTIAL" validationType="READ_ONLY" required="true" reconcileScript="N/A">
          <statements dependency="ORD_METHOD" statement="execute eks_t_db_ref_help &quot;HELPNEWORDMETHOD^&quot; go"/>
        </arguments>
        <arguments xsi:type="EM:ReferentialArgument" name="OPT_ORDERS" dataType="CHARACTER" controlType="LISTBOX" validationType="READ_ONLY" dependency="ORD_METHOD" optimizable="true" reconcileScript="eks_p_ord_method_orders" keyFieldIndex="2">
          <statements dependency="OPT_ORDERS" statement="execute eks_t_db_ref_help ConCat(&quot;HELPCATALOGTYPE^&quot;, PAR1) go"/>
          <statements dependency="OPT_ORDERS" statement="execute eks_t_db_ref_help ConCat(&quot;HELPORDALPHA^&quot;, PAR1) go"/>
          <statements dependency="OPT_ORDERS" statement="execute eks_t_db_ref_help ConCat(&quot;HELPORDERS^&quot;, PAR1) go"/>
        </arguments>
        <arguments xsi:type="EM:ReferentialArgument" name="OPT_ORDER_STATUS" dataType="CHARACTER" controlType="LISTBOX" validationType="READ_ONLY" optimizable="true" reconcileScript="eks_p_codeset_cki_refhelp  &quot;6004&quot;,&quot;CDF&quot;,&quot;*ANY&quot;" keyFieldIndex="2">
          <statements dependency="OPT_ORDER_STATUS" statement="execute eks_t_db_ref_help &quot;HELPSTATUS&quot; go&#xD;&#xA;;eks_codeset_cki_refhelp &quot;6004&quot;,&quot;CDF&quot;,&quot;*ANY&quot; go"/>
        </arguments>
        <arguments xsi:type="EM:ReferentialArgument" name="OPT_ORDER_DETAIL" dataType="CHARACTER" controlType="REFERENTIAL" validationType="READ_ONLY" reconcileScript="eks_p_order_detail 2" keyFieldIndex="2">
          <statements dependency="OPT_ORDER_DETAIL" statement="execute eks_t_db_ref_help &quot;HELPDETAILSSEL^USEREQUEST&quot; go"/>
          <statements dependency="OPT_ORDER_DETAIL" statement="execute eks_t_db_ref_help ConCat(&quot;HELPDETAILS^1^&quot;, PAR1) go"/>
        </arguments>
        <arguments xsi:type="EM:ReferentialArgument" name="OPT_QUALIFIER" dataType="CHARACTER" controlType="REFERENTIAL" validationType="READ_ONLY" dependency="OPT_ORDER_DETAIL" reconcileScript="eks_p_qualifier &quot;1&quot;" keyFieldIndex="2">
          <statements dependency="OPT_QUALIFIER" statement="execute eks_t_db_ref_help ConCat(&quot;HELPQUALIFIERS^&quot;, PAR1)  go"/>
        </arguments>
        <arguments xsi:type="EM:ReferentialArgument" name="OPT_LIST" dataType="CHARACTER" controlType="LISTBOX" validationType="READ_ONLY" dependency="OPT_ORDER_DETAIL" optimizable="true" reconcileScript="eks_p_list" keyFieldIndex="2">
          <statements dependency="OPT_LIST" statement="execute eks_t_db_ref_help ConCat(&quot;HELPORDDETLIST1^&quot;, PAR1) go"/>
          <statements dependency="OPT_LIST" statement="execute eks_t_db_ref_help ConCat(&quot;HELPORDDETLIST2^&quot;, PAR1) go"/>
        </arguments>
      </templateDefinitions>
      <templateDefinitions xsi:type="EM:ExpertTemplate" name="EKS_DEBUGEKM_E" definition="Turn debug messaging DEBUG_STATUS" description="Turn debug messaging on or off" eventDependency="//@expertTemplates/@events/@event.1 //@expertTemplates/@events/@event.2 //@expertTemplates/@events/@event.3 //@expertTemplates/@events/@event.4 //@expertTemplates/@events/@event.5 //@expertTemplates/@events/@event.8 //@expertTemplates/@events/@event.9 //@expertTemplates/@events/@event.10 //@expertTemplates/@events/@event.11 //@expertTemplates/@events/@event.13 //@expertTemplates/@events/@event.16 //@expertTemplates/@events/@event.23 //@expertTemplates/@events/@event.26 //@expertTemplates/@events/@event.27 //@expertTemplates/@events/@event.28 //@expertTemplates/@events/@event.31 //@expertTemplates/@events/@event.32 //@expertTemplates/@events/@event.33 //@expertTemplates/@events/@event.34 //@expertTemplates/@events/@event.36 //@expertTemplates/@events/@event.38 //@expertTemplates/@events/@event.39 //@expertTemplates/@events/@event.41 //@expertTemplates/@events/@event.42 //@expertTemplates/@events/@event.45 //@expertTemplates/@events/@event.44 //@expertTemplates/@events/@event.48 //@expertTemplates/@events/@event.49 //@expertTemplates/@events/@event.50 //@expertTemplates/@events/@event.51 //@expertTemplates/@events/@event.55 //@expertTemplates/@events/@event.57 //@expertTemplates/@events/@event.58 //@expertTemplates/@events/@event.60 //@expertTemplates/@events/@event.62 //@expertTemplates/@events/@event.63 //@expertTemplates/@events/@event.64 //@expertTemplates/@events/@event.65 //@expertTemplates/@events/@event.66 //@expertTemplates/@events/@event.67 //@expertTemplates/@events/@event.68 //@expertTemplates/@events/@event.69 //@expertTemplates/@events/@event.70 //@expertTemplates/@events/@event.71 //@expertTemplates/@events/@event.73 //@expertTemplates/@events/@event.74 //@expertTemplates/@events/@event.75 //@expertTemplates/@events/@event.76 //@expertTemplates/@events/@event.47" reconcilable="true" alwaysTrue="true">
        <keywords>UTILITY</keywords>
        <arguments xsi:type="EM:ReferentialArgument" name="DEBUG_STATUS" dataType="CHARACTER" controlType="REFERENTIAL" validationType="READ_ONLY" required="true" reconcileScript="N/A" keyFieldIndex="2">
          <statements dependency="DEBUG_STATUS" statement="select debug_status = if (d.seq =  1) &quot;On for subsequent Evoke Templates&quot;&#xD;&#xA; elseif (d.seq = 2) &quot;Off for subsequent Evoke Templates&quot;&#xD;&#xA; elseif (d.seq = 3) &quot;On for all Logic Templates&quot;&#xD;&#xA; elseif (d.seq = 4) &quot;On for all Action Templates&quot;&#xD;&#xA; elseif (d.seq = 5) &quot;On for all Logic and Action Templates&quot;&#xD;&#xA; elseif (d.seq = 6) &quot;To FullAudit for this module only&quot;&#xD;&#xA; elseif (d.seq = 7) &quot;Additional EKSDATA logging&quot;&#xD;&#xA;ENDIF,&#xD;&#xA;_hidden = if (d.seq = 1) 1&#xD;&#xA; elseif (d.seq=2) 0&#xD;&#xA; elseif (d.seq=3) 2&#xD;&#xA; elseif (d.seq=4) 3&#xD;&#xA; elseif (d.seq=5) 4&#xD;&#xA; elseif (d.seq=6) 5&#xD;&#xA; elseif (d.seq=7) 6&#xD;&#xA;endif&#xD;&#xA;&#xD;&#xA;FROM (DUMMYT D WITH SEQ = VALUE(7))"/>
        </arguments>
      </templateDefinitions>
    </evokeTemplates>
    <logicTemplates>
      <templateDefinitions xsi:type="EM:ExpertTemplate" name="EKS_CURRENT_INFO_L" definition="The current DATA_TYPE QUALIFIER DATA_VALUE" description="Evaluates current information" eventDependency="//@expertTemplates/@events/@event.1 //@expertTemplates/@events/@event.2 //@expertTemplates/@events/@event.3 //@expertTemplates/@events/@event.4 //@expertTemplates/@events/@event.8 //@expertTemplates/@events/@event.9 //@expertTemplates/@events/@event.10 //@expertTemplates/@events/@event.11 //@expertTemplates/@events/@event.13 //@expertTemplates/@events/@event.16 //@expertTemplates/@events/@event.23 //@expertTemplates/@events/@event.32 //@expertTemplates/@events/@event.35 //@expertTemplates/@events/@event.36 //@expertTemplates/@events/@event.38 //@expertTemplates/@events/@event.39 //@expertTemplates/@events/@event.41 //@expertTemplates/@events/@event.42 //@expertTemplates/@events/@event.49 //@expertTemplates/@events/@event.50 //@expertTemplates/@events/@event.51 //@expertTemplates/@events/@event.55 //@expertTemplates/@events/@event.57 //@expertTemplates/@events/@event.60 //@expertTemplates/@events/@event.62 //@expertTemplates/@events/@event.73 //@expertTemplates/@events/@event.74 //@expertTemplates/@events/@event.75 //@expertTemplates/@events/@event.76" reconcilable="true">
        <keywords>UTILITY</keywords>
        <arguments xsi:type="EM:ReferentialArgument" name="DATA_TYPE" dataType="CHARACTER" controlType="REFERENTIAL" validationType="READ_ONLY" required="true" reconcileScript="N/A" keyFieldIndex="2">
          <statements dependency="DATA_TYPE" statement="eks_t_current_info_refhelp &quot;DATA_TYPE_LA&quot; GO"/>
        </arguments>
        <arguments xsi:type="EM:ReferentialArgument" name="QUALIFIER" dataType="CHARACTER" controlType="REFERENTIAL" validationType="READ_ONLY" required="true" reconcileScript="N/A" keyFieldIndex="2">
          <statements dependency="QUALIFIER" statement="eks_t_current_info_refhelp &quot;QUALIFIER&quot; GO"/>
        </arguments>
        <arguments xsi:type="EM:ReferentialArgument" name="DATA_VALUE" dataType="CHARACTER" controlType="LISTBOX" validationType="READ_ONLY" required="true" dependency="DATA_TYPE" reconcileScript="eks_p_current_info" keyFieldIndex="2">
          <statements dependency="DATA_VALUE" statement="eks_t_current_info_refhelp concat(&quot;DATA_VALUE_1^&quot;, par1) go"/>
          <statements dependency="DATA_VALUE" statement="eks_t_current_info_refhelp concat(&quot;DATA_VALUE_2^&quot;, par1) go"/>
        </arguments>
      </templateDefinitions>
      <templateDefinitions xsi:type="EM:ExpertTemplate" name="EKS_LOGIC_TRUE" definition="LOGIC is true" description="Always true" eventDependency="//@expertTemplates/@events/@event.1 //@expertTemplates/@events/@event.2 //@expertTemplates/@events/@event.3 //@expertTemplates/@events/@event.8 //@expertTemplates/@events/@event.9 //@expertTemplates/@events/@event.10 //@expertTemplates/@events/@event.11 //@expertTemplates/@events/@event.13 //@expertTemplates/@events/@event.16 //@expertTemplates/@events/@event.23 //@expertTemplates/@events/@event.24 //@expertTemplates/@events/@event.36 //@expertTemplates/@events/@event.38 //@expertTemplates/@events/@event.39 //@expertTemplates/@events/@event.41 //@expertTemplates/@events/@event.42 //@expertTemplates/@events/@event.49 //@expertTemplates/@events/@event.50 //@expertTemplates/@events/@event.51 //@expertTemplates/@events/@event.55 //@expertTemplates/@events/@event.57 //@expertTemplates/@events/@event.58 //@expertTemplates/@events/@event.60 //@expertTemplates/@events/@event.61 //@expertTemplates/@events/@event.62 //@expertTemplates/@events/@event.73 //@expertTemplates/@events/@event.74 //@expertTemplates/@events/@event.75 //@expertTemplates/@events/@event.76" reconcilable="true" alwaysTrue="true">
        <keywords>UTILITY</keywords>
        <arguments name="LOGIC" dataType="CHARACTER" reconcileScript="N/A">
          <defaultValue xsi:type="EM:StringValue" value="@quot;LOGIC@quot;"/>
        </arguments>
      </templateDefinitions>
      <templateDefinitions xsi:type="EM:ExpertTemplate" name="EKS_EVAL_L" definition="EXPRESSION" description="Freetext CCL evaluation" eventDependency="//@expertTemplates/@events/@event.1 //@expertTemplates/@events/@event.2 //@expertTemplates/@events/@event.3 //@expertTemplates/@events/@event.5 //@expertTemplates/@events/@event.8 //@expertTemplates/@events/@event.9 //@expertTemplates/@events/@event.10 //@expertTemplates/@events/@event.11 //@expertTemplates/@events/@event.13 //@expertTemplates/@events/@event.16 //@expertTemplates/@events/@event.23 //@expertTemplates/@events/@event.24 //@expertTemplates/@events/@event.36 //@expertTemplates/@events/@event.38 //@expertTemplates/@events/@event.39 //@expertTemplates/@events/@event.41 //@expertTemplates/@events/@event.42 //@expertTemplates/@events/@event.49 //@expertTemplates/@events/@event.50 //@expertTemplates/@events/@event.51 //@expertTemplates/@events/@event.55 //@expertTemplates/@events/@event.57 //@expertTemplates/@events/@event.58 //@expertTemplates/@events/@event.60 //@expertTemplates/@events/@event.62 //@expertTemplates/@events/@event.73 //@expertTemplates/@events/@event.74 //@expertTemplates/@events/@event.75 //@expertTemplates/@events/@event.76" reconcilable="true">
        <keywords>UTILITY</keywords>
        <arguments name="EXPRESSION" dataType="CHARACTER" controlType="TEXT_MULTI_LINE" required="true" reconcileScript="N/A"/>
      </templateDefinitions>
      <templateDefinitions xsi:type="EM:ExpertTemplate" name="EKS_CALC_SAVE_L" definition="EXPRESSION" description="Create a value to be used by subsequent templates" eventDependency="//@expertTemplates/@events/@event.1 //@expertTemplates/@events/@event.2 //@expertTemplates/@events/@event.3 //@expertTemplates/@events/@event.5 //@expertTemplates/@events/@event.8 //@expertTemplates/@events/@event.9 //@expertTemplates/@events/@event.10 //@expertTemplates/@events/@event.11 //@expertTemplates/@events/@event.13 //@expertTemplates/@events/@event.16 //@expertTemplates/@events/@event.23 //@expertTemplates/@events/@event.36 //@expertTemplates/@events/@event.38 //@expertTemplates/@events/@event.39 //@expertTemplates/@events/@event.41 //@expertTemplates/@events/@event.42 //@expertTemplates/@events/@event.49 //@expertTemplates/@events/@event.50 //@expertTemplates/@events/@event.51 //@expertTemplates/@events/@event.55 //@expertTemplates/@events/@event.57 //@expertTemplates/@events/@event.58 //@expertTemplates/@events/@event.60 //@expertTemplates/@events/@event.62 //@expertTemplates/@events/@event.73 //@expertTemplates/@events/@event.74 //@expertTemplates/@events/@event.75 //@expertTemplates/@events/@event.76" reconcilable="true">
        <keywords>UTILITY, LOG_RETVAL</keywords>
        <arguments name="EXPRESSION" dataType="CHARACTER" controlType="TEXT_MULTI_LINE" required="true" reconcileScript="N/A"/>
      </templateDefinitions>
      <templateDefinitions xsi:type="EM:ExpertTemplate" name="EKS_BUILD_MESSAGE_L" definition="ACTION a message named MSGNAME with text of MSGTEXT preceded by OPT_DELIMITER" description="Create or add to a text message to be used by subsequent templates" eventDependency="//@expertTemplates/@events/@event.1 //@expertTemplates/@events/@event.2 //@expertTemplates/@events/@event.3 //@expertTemplates/@events/@event.8 //@expertTemplates/@events/@event.9 //@expertTemplates/@events/@event.10 //@expertTemplates/@events/@event.11 //@expertTemplates/@events/@event.13 //@expertTemplates/@events/@event.16 //@expertTemplates/@events/@event.23 //@expertTemplates/@events/@event.32 //@expertTemplates/@events/@event.34 //@expertTemplates/@events/@event.36 //@expertTemplates/@events/@event.38 //@expertTemplates/@events/@event.39 //@expertTemplates/@events/@event.41 //@expertTemplates/@events/@event.42 //@expertTemplates/@events/@event.49 //@expertTemplates/@events/@event.50 //@expertTemplates/@events/@event.51 //@expertTemplates/@events/@event.55 //@expertTemplates/@events/@event.57 //@expertTemplates/@events/@event.58 //@expertTemplates/@events/@event.60 //@expertTemplates/@events/@event.62 //@expertTemplates/@events/@event.73 //@expertTemplates/@events/@event.74 //@expertTemplates/@events/@event.75 //@expertTemplates/@events/@event.76" reconcilable="true" alwaysTrue="true">
        <keywords>UTILITY</keywords>
        <arguments xsi:type="EM:ReferentialArgument" name="ACTION" dataType="CHARACTER" controlType="REFERENTIAL" validationType="READ_ONLY" required="true" reconcileScript="N/A" keyFieldIndex="2">
          <statements dependency="ACTION" statement="select action = if (d.seq =  1) &quot;Create&quot;&#xD;&#xA;         elseif (d.seq =  2) &quot;Append To&quot;&#xD;&#xA;         ENDIF,&#xD;&#xA;         _hidden = if (d.seq =  1) &quot;1&quot;&#xD;&#xA;         elseif (d.seq =  2) &quot;2&quot;&#xD;&#xA;         ENDIF&#xD;&#xA;&#xD;&#xA;FROM (DUMMYT D WITH SEQ = VALUE(2))"/>
        </arguments>
        <arguments name="MSGNAME" dataType="CHARACTER" required="true" reconcileScript="N/A"/>
        <arguments name="MSGTEXT" dataType="CHARACTER" required="true" reconcileScript="N/A"/>
        <arguments name="OPT_DELIMITER" dataType="CHARACTER" reconcileScript="N/A"/>
      </templateDefinitions>
    </logicTemplates>
    <actionTemplates>
      <templateDefinitions xsi:type="EM:ExpertTemplate" name="EKS_NOTIFY" definition="send subject SUBJECT with message  MESSAGE to LOCATION linked to procedure PROCEDURE with priority PRIORITY under categories CLASS and SUBCLASS" description="Send message to Discern Notification" eventDependency="//@expertTemplates/@events/@event.1 //@expertTemplates/@events/@event.2 //@expertTemplates/@events/@event.3 //@expertTemplates/@events/@event.8 //@expertTemplates/@events/@event.9 //@expertTemplates/@events/@event.10 //@expertTemplates/@events/@event.11 //@expertTemplates/@events/@event.13 //@expertTemplates/@events/@event.16 //@expertTemplates/@events/@event.20 //@expertTemplates/@events/@event.23 //@expertTemplates/@events/@event.36 //@expertTemplates/@events/@event.38 //@expertTemplates/@events/@event.39 //@expertTemplates/@events/@event.41 //@expertTemplates/@events/@event.42 //@expertTemplates/@events/@event.45 //@expertTemplates/@events/@event.44 //@expertTemplates/@events/@event.48 //@expertTemplates/@events/@event.51 //@expertTemplates/@events/@event.55 //@expertTemplates/@events/@event.57 //@expertTemplates/@events/@event.58 //@expertTemplates/@events/@event.60 //@expertTemplates/@events/@event.62 //@expertTemplates/@events/@event.73 //@expertTemplates/@events/@event.74 //@expertTemplates/@events/@event.76 //@expertTemplates/@events/@event.47" reconcilable="true">
        <keywords>NOTIFICATION</keywords>
        <arguments xsi:type="EM:FixedListArgument" name="SUBJECT" dataType="CHARACTER" controlType="TEXT_MULTI_LINE" required="true" reconcileScript="N/A">
          <stringTable>
            <column value="@ACCESSION:"/>
            <column value="Accession Number"/>
          </stringTable>
          <stringTable>
            <column value="@AGE:"/>
            <column value="Age and unit (i.e. days, years)"/>
          </stringTable>
          <stringTable>
            <column value="@AGEYRS:"/>
            <column value="Age in years without unit"/>
          </stringTable>
          <stringTable>
            <column value="@BIRTHDATE:"/>
            <column value="Birthdate"/>
          </stringTable>
          <stringTable>
            <column value="@BIRTHDTTM:"/>
            <column value="Birthdate Time"/>
          </stringTable>
          <stringTable>
            <column value="@CATALOGCDDISP:"/>
            <column value="Catalog Code Display"/>
          </stringTable>
          <stringTable>
            <column value="@CURDATETIME"/>
            <column value="Current Date Time"/>
          </stringTable>
          <stringTable>
            <column value="@CURREV"/>
            <column value="Current HNAM Revision"/>
          </stringTable>
          <stringTable>
            <column value="@CURSYS"/>
            <column value="Current System (VMS,AIX)"/>
          </stringTable>
          <stringTable>
            <column value="@EKSMODULENAME"/>
            <column value="EKS Module Name"/>
          </stringTable>
          <stringTable>
            <column value="@EVENTCDDISP:"/>
            <column value="Event Code Display"/>
          </stringTable>
          <stringTable>
            <column value="@MEDICALNUMBER:"/>
            <column value="Medical Number"/>
          </stringTable>
          <stringTable>
            <column value="@MISC:"/>
            <column value="Special Usage/Formatted Info"/>
          </stringTable>
          <stringTable>
            <column value="@EVENTENDDTTM"/>
            <column value="Clinical Event End Date and Time"/>
          </stringTable>
          <stringTable>
            <column value="@NEWLINE"/>
            <column value="New Line"/>
          </stringTable>
          <stringTable>
            <column value="@ORDERDOC:"/>
            <column value="Ordering Doctor"/>
          </stringTable>
          <stringTable>
            <column value="@ORDERDOCEMAIL:"/>
            <column value="Ordering Doctor's EMail"/>
          </stringTable>
          <stringTable>
            <column value="@ORDERDOCPRINTER:"/>
            <column value="Ordering Doctor's Printer"/>
          </stringTable>
          <stringTable>
            <column value="@ORDERID:"/>
            <column value="Order ID"/>
          </stringTable>
          <stringTable>
            <column value="@ORGPRINTER:"/>
            <column value="Patient's Organization Printer"/>
          </stringTable>
          <stringTable>
            <column value="@ORIGORDERDTTM:"/>
            <column value="Original Order Date/Time"/>
          </stringTable>
          <stringTable>
            <column value="@PATIENT:"/>
            <column value="Patient"/>
          </stringTable>
          <stringTable>
            <column value="@PATIENTID:"/>
            <column value="Patient ID"/>
          </stringTable>
          <stringTable>
            <column value="@PTBLDGENC:"/>
            <column value="Patient's Encounter Building"/>
          </stringTable>
          <stringTable>
            <column value="@PTBLDGENCEMAIL:"/>
            <column value="Patient's Encounter Building EMail"/>
          </stringTable>
          <stringTable>
            <column value="@PTBLDGENCPRINTER:"/>
            <column value="Patient's Encounter Building Printer"/>
          </stringTable>
          <stringTable>
            <column value="@PATFACENC:"/>
            <column value="Patient's Encounter Facility "/>
          </stringTable>
          <stringTable>
            <column value="@PTFACENCEMAIL:"/>
            <column value="Patient's Encounter Facility  EMail"/>
          </stringTable>
          <stringTable>
            <column value="@PTFACENCPRINTER:"/>
            <column value="Patient's Encounter Facility Printer"/>
          </stringTable>
          <stringTable>
            <column value="@PTLOCENC:"/>
            <column value="Patient's Encounter Location"/>
          </stringTable>
          <stringTable>
            <column value="@PTLOCENCEMAIL:"/>
            <column value="Patient's Encounter Location EMail"/>
          </stringTable>
          <stringTable>
            <column value="@PTLOCENCPRINTER:"/>
            <column value="Patient's Encounter Location Printer"/>
          </stringTable>
          <stringTable>
            <column value="@PTNURSENC:"/>
            <column value="Patient's Encounter Nurse Unit "/>
          </stringTable>
          <stringTable>
            <column value="@PTNURSENCEMAIL:"/>
            <column value="Patient's Encounter Nurse Unit EMail"/>
          </stringTable>
          <stringTable>
            <column value="@PTNURSENCPRINTER:"/>
            <column value="Patient's Encounter Nurse Unit  Printer"/>
          </stringTable>
          <stringTable>
            <column value="@PTLOCORD:"/>
            <column value="Patient's Order Location"/>
          </stringTable>
          <stringTable>
            <column value="@PTLOCORDEMAIL:"/>
            <column value="Patient's Order Location EMail"/>
          </stringTable>
          <stringTable>
            <column value="@PTLOCORDPRINTER:"/>
            <column value="Patient's Order Location Printer"/>
          </stringTable>
          <stringTable>
            <column value="@PTROOMENC:"/>
            <column value="Patient's Encounter Room"/>
          </stringTable>
          <stringTable>
            <column value="@RESULT:"/>
            <column value="Result"/>
          </stringTable>
          <stringTable>
            <column value="@TASKASSAY:"/>
            <column value="Task Assay"/>
          </stringTable>
        </arguments>
        <arguments xsi:type="EM:FixedListArgument" name="MESSAGE" dataType="CHARACTER" controlType="TEXT_MULTI_LINE" required="true" reconcileScript="N/A">
          <stringTable>
            <column value="@ACCESSION:"/>
            <column value="Accession Number"/>
          </stringTable>
          <stringTable>
            <column value="@AGE:"/>
            <column value="Age and unit (i.e. days, years)"/>
          </stringTable>
          <stringTable>
            <column value="@AGEYRS:"/>
            <column value="Age in years without unit"/>
          </stringTable>
          <stringTable>
            <column value="@BIRTHDATE:"/>
            <column value="Birthdate"/>
          </stringTable>
          <stringTable>
            <column value="@BIRTHDTTM:"/>
            <column value="Birthdate Time"/>
          </stringTable>
          <stringTable>
            <column value="@CATALOGCDDISP:"/>
            <column value="Catalog Code Display"/>
          </stringTable>
          <stringTable>
            <column value="@CURDATETIME"/>
            <column value="Current Date Time"/>
          </stringTable>
          <stringTable>
            <column value="@CURREV"/>
            <column value="Current HNAM Revision"/>
          </stringTable>
          <stringTable>
            <column value="@CURSYS"/>
            <column value="Current System (VMS.AIX)"/>
          </stringTable>
          <stringTable>
            <column value="@EKSMODULENAME"/>
            <column value="EKS Module Name"/>
          </stringTable>
          <stringTable>
            <column value="@EVENTCDDISP:"/>
            <column value="Event Code Display"/>
          </stringTable>
          <stringTable>
            <column value="@EVENTENDDTTM"/>
            <column value="Clinical Event End Date and Time"/>
          </stringTable>
          <stringTable>
            <column value="@MEDICALNUMBER:"/>
            <column value="Medical Number"/>
          </stringTable>
          <stringTable>
            <column value="@MISC:"/>
            <column value="Special Usage/Formatted Info"/>
          </stringTable>
          <stringTable>
            <column value="@NEWLINE"/>
            <column value="New Line"/>
          </stringTable>
          <stringTable>
            <column value="@ORDERDOC:"/>
            <column value="Ordering Doctor"/>
          </stringTable>
          <stringTable>
            <column value="@ORDERDOCEMAIL:"/>
            <column value="Ordering Doctor's Email"/>
          </stringTable>
          <stringTable>
            <column value="@ORDERDOCPRINTER:"/>
            <column value="Ordering Doctor's Printer"/>
          </stringTable>
          <stringTable>
            <column value="@ORDERID:"/>
            <column value="Order ID"/>
          </stringTable>
          <stringTable>
            <column value="@ORGPRINTER:"/>
            <column value="Patient's Organization Printer"/>
          </stringTable>
          <stringTable>
            <column value="@ORIGORDERDTTM:"/>
            <column value="Original Order Date/Time"/>
          </stringTable>
          <stringTable>
            <column value="@PATIENT:"/>
            <column value="Patient"/>
          </stringTable>
          <stringTable>
            <column value="@PATIENTID:"/>
            <column value="Patient ID"/>
          </stringTable>
          <stringTable>
            <column value="@PTBLDGENC:"/>
            <column value="Patient's Encounter Building"/>
          </stringTable>
          <stringTable>
            <column value="@PTBLDGENCEMAIL:"/>
            <column value="Patient's Encounter Building EMail"/>
          </stringTable>
          <stringTable>
            <column value="@PTBLDGENCPRINTER:"/>
            <column value="Patient's Encounter Building Printer"/>
          </stringTable>
          <stringTable>
            <column value="@PATFACENC:"/>
            <column value="Patient's Encounter Facility"/>
          </stringTable>
          <stringTable>
            <column value="@PTFACENCEMAIL:"/>
            <column value="Patient's Encounter Facility EMail"/>
          </stringTable>
          <stringTable>
            <column value="@PTFACENCPRINTER:"/>
            <column value="Patient's Encounter Facility Printer"/>
          </stringTable>
          <stringTable>
            <column value="@PTLOCENC:"/>
            <column value="Patient's Encounter Location"/>
          </stringTable>
          <stringTable>
            <column value="@PTLOCENCEMAIL:"/>
            <column value="Patient's Encounter Location EMail"/>
          </stringTable>
          <stringTable>
            <column value="@PTLOCENCPRINTER:"/>
            <column value="Patient's Encounter Location Printer"/>
          </stringTable>
          <stringTable>
            <column value="@PTNURSENC:"/>
            <column value="Patient's Encounter Nurse Unit"/>
          </stringTable>
          <stringTable>
            <column value="@PTNURSENCEMAIL:"/>
            <column value="Patient's Encounter Nurse Unit EMail"/>
          </stringTable>
          <stringTable>
            <column value="@PTNURSENCPRINTER:"/>
            <column value="Patient's Encounter Nurse Unit Printer"/>
          </stringTable>
          <stringTable>
            <column value="@PTLOCORD:"/>
            <column value="Patient's Order Location"/>
          </stringTable>
          <stringTable>
            <column value="@PTLOCORDEMAIL:"/>
            <column value="Patient's Order Location EMail"/>
          </stringTable>
          <stringTable>
            <column value="@PTLOCORDPRINTER:"/>
            <column value="Patient's Order Location Printer"/>
          </stringTable>
          <stringTable>
            <column value="@PTROOMENC:"/>
            <column value="Patient's Encounter Room"/>
          </stringTable>
          <stringTable>
            <column value="@RESULT:"/>
            <column value="Result"/>
          </stringTable>
          <stringTable>
            <column value="@TASKASSAY:"/>
            <column value="Task Assay"/>
          </stringTable>
        </arguments>
        <arguments xsi:type="EM:ReferentialArgument" name="LOCATION" dataType="CHARACTER" controlType="REFERENTIAL" validationType="REFERENTIAL" required="true" reconcileScript="eks_p_NotifyLoc">
          <defaultValue xsi:type="EM:StringValue" value="REPLY"/>
          <statements dependency="LOCATION" statement="select&#xD;&#xA; c.display_key&#xD;&#xA; ,c.cdf_meaning&#xD;&#xA; ,c.code_value&#xD;&#xA; from code_value c&#xD;&#xA; where c.code_set=220 &#xD;&#xA; and c.active_ind= 1 &#xD;&#xA; and c.begin_effective_dt_tm &lt;= cnvtdatetime(curdate,curtime3)&#xD;&#xA; and c.end_effective_dt_tm   >= cnvtdatetime(curdate,curtime3)&#xD;&#xA; and NOT c.cdf_meaning in (&quot;ROOM&quot;,&quot;BED&quot;,&quot;FACILITY&quot;,&quot;BUILDING&quot;,&#xD;&#xA; &quot;APPTROOT&quot;,&quot;BBDRAW&quot;,&quot;BBOWNERROOT&quot;,&quot;BBINVAREA&quot;,&#xD;&#xA; &quot;COLLROOT&quot;,&quot;COLLRTE&quot;,&quot;COLLRUN&quot;,&quot;CSLOGIN&quot;,&quot;CSTRACK&quot;,&#xD;&#xA; &quot;HIM&quot;,&quot;HIMROOT&quot;,&quot;INVGRP&quot;,&quot;INVLOC&quot;,&quot;INVLOCATOR&quot;,&quot;INVVIEW&quot;)&#xD;&#xA; and NOT c.cdf_meaning in (&quot;MICRO STATIS&quot;,&quot;MMGRPROOT&quot;,&#xD;&#xA; &quot;PTTRACK&quot;,&quot;PTTRACKROOT&quot;,&quot;PTRECYCLE&quot;,&quot;RXLOCGROUP&quot;,&quot;SRVAREA&quot;,&#xD;&#xA; &quot;STORAGERACK&quot;,&quot;STORAGEROOT&quot;,&quot;STORAGESHELF&quot;,&quot;STORAGETRAY&quot;,&#xD;&#xA; &quot;STORAGEUNIT&quot;,&quot;SURGFILL&quot;)&#xD;&#xA; order c.display_key"/>
        </arguments>
        <arguments name="PROCEDURE" dataType="LINK" controlType="TEMPLATE_REFERENCE" required="true" reconcileScript="N/A"/>
        <arguments xsi:type="EM:FixedListArgument" name="PRIORITY" dataType="CHARACTER" validationType="READ_ONLY" required="true" reconcileScript="N/A">
          <defaultValue xsi:type="EM:StringValue" value="HIGH"/>
          <stringTable>
            <column value="HIGH"/>
            <column value="High priority notification message"/>
          </stringTable>
          <stringTable>
            <column value="LOW"/>
            <column value="Low priority notification message"/>
          </stringTable>
        </arguments>
        <arguments xsi:type="EM:FixedListArgument" name="CLASS" dataType="CHARACTER" required="true" reconcileScript="N/A">
          <defaultValue xsi:type="EM:StringValue" value="APPLICATION"/>
          <stringTable>
            <column value="APPLICATION"/>
            <column value="Application"/>
          </stringTable>
        </arguments>
        <arguments xsi:type="EM:FixedListArgument" name="SUBCLASS" dataType="CHARACTER" reconcileScript="N/A">
          <defaultValue xsi:type="EM:StringValue" value="DISCERN"/>
          <stringTable>
            <column value="DISCERN"/>
            <column value="Discern Expert"/>
          </stringTable>
          <stringTable>
            <column value="MICROBIOLOGY"/>
            <column value="Microbiology"/>
          </stringTable>
          <stringTable>
            <column value="PRINTING SERVICES"/>
            <column value="Printing Services"/>
          </stringTable>
          <stringTable>
            <column value="PATIENT"/>
            <column value="Patient Services"/>
          </stringTable>
        </arguments>
      </templateDefinitions>
    </actionTemplates>
  </expertTemplates>
  <ruleDefinition>
    <evokeSection>
      <evokes evokeEvent="//@expertTemplates/@events/@event.39">
        <logicExpression xsi:type="EM:InfixExpression">
          <leftExpression xsi:type="EM:Antecedent" id="E1" template="EKS_ORDER_LIST_E">
            <facts argument="ORD_METHOD">
              <value xsi:type="EM:StringValue" value="for any orderable"/>
            </facts>
            <facts argument="OPT_ORDERS">
              <value xsi:type="EM:StringValue"/>
            </facts>
            <facts argument="OPT_ORDER_STATUS">
              <value xsi:type="EM:ListValue">
                <values xsi:type="EM:ListValue">
                  <values xsi:type="EM:CustomValue" hideDisplay="true">
                    <customValue xsi:type="EM:StringValue" value="CDF6004:FUTURE"/>
                  </values>
                  <values xsi:type="EM:StringValue" value="Future"/>
                </values>
                <values xsi:type="EM:ListValue">
                  <values xsi:type="EM:CustomValue" hideDisplay="true">
                    <customValue xsi:type="EM:StringValue" value="CDF6004:ORDERED"/>
                  </values>
                  <values xsi:type="EM:StringValue" value="Ordered"/>
                </values>
              </value>
            </facts>
            <facts argument="OPT_ORDER_DETAIL">
              <value xsi:type="EM:StringValue"/>
            </facts>
            <facts argument="OPT_QUALIFIER">
              <value xsi:type="EM:StringValue"/>
            </facts>
            <facts argument="OPT_LIST">
              <value xsi:type="EM:StringValue"/>
            </facts>
          </leftExpression>
          <rightExpression xsi:type="EM:Antecedent" id="E2" template="EKS_DEBUGEKM_E">
            <facts argument="DEBUG_STATUS">
              <value xsi:type="EM:ListValue">
                <values xsi:type="EM:ListValue">
                  <values xsi:type="EM:CustomValue" hideDisplay="true">
                    <customValue xsi:type="EM:StringValue" value="5"/>
                  </values>
                  <values xsi:type="EM:StringValue" value="To FullAudit for this module only"/>
                </values>
              </value>
            </facts>
          </rightExpression>
        </logicExpression>
      </evokes>
    </evokeSection>
    <logicSection>
      <logicExpression xsi:type="EM:InfixExpression">
        <leftExpression xsi:type="EM:Antecedent" id="L1" template="EKS_CURRENT_INFO_L">
          <facts argument="DATA_TYPE">
            <value xsi:type="EM:ListValue">
              <values xsi:type="EM:ListValue">
                <values xsi:type="EM:CustomValue" hideDisplay="true">
                  <customValue xsi:type="EM:StringValue" value="3"/>
                </values>
                <values xsi:type="EM:StringValue" value="patient"/>
              </values>
            </value>
          </facts>
          <facts argument="QUALIFIER">
            <value xsi:type="EM:ListValue">
              <values xsi:type="EM:ListValue">
                <values xsi:type="EM:CustomValue" hideDisplay="true">
                  <customValue xsi:type="EM:StringValue" value="="/>
                </values>
                <values xsi:type="EM:StringValue" value="is listed in"/>
              </values>
            </value>
          </facts>
          <facts argument="DATA_VALUE">
            <value xsi:type="EM:ListValue">
              <values xsi:type="EM:ListValue">
                <values xsi:type="EM:CustomValue" hideDisplay="true">
                  <customValue xsi:type="EM:StringValue" value="22523361.00"/>
                </values>
                <values xsi:type="EM:StringValue" value="CSTDOTRPTTESTING, ONE"/>
                <values xsi:type="EM:ListValue">
                  <values xsi:type="EM:CustomValue" hideDisplay="true">
                    <customValue xsi:type="EM:StringValue" value="C|3"/>
                  </values>
                </values>
              </values>
              <values xsi:type="EM:ListValue">
                <values xsi:type="EM:CustomValue" hideDisplay="true">
                  <customValue xsi:type="EM:StringValue" value="22523363.00"/>
                </values>
                <values xsi:type="EM:StringValue" value="CSTDOTRPTTESTING, THREE"/>
                <values xsi:type="EM:ListValue">
                  <values xsi:type="EM:CustomValue" hideDisplay="true">
                    <customValue xsi:type="EM:StringValue" value="C|3"/>
                  </values>
                </values>
              </values>
              <values xsi:type="EM:ListValue">
                <values xsi:type="EM:CustomValue" hideDisplay="true">
                  <customValue xsi:type="EM:StringValue" value="22523362.00"/>
                </values>
                <values xsi:type="EM:StringValue" value="CSTDOTRPTTESTING, TWO"/>
                <values xsi:type="EM:ListValue">
                  <values xsi:type="EM:CustomValue" hideDisplay="true">
                    <customValue xsi:type="EM:StringValue" value="C|3"/>
                  </values>
                </values>
              </values>
            </value>
          </facts>
        </leftExpression>
        <rightExpression xsi:type="EM:InfixExpression">
          <leftExpression xsi:type="EM:Antecedent" alias="Patient Information" id="L2" template="EKS_LOGIC_TRUE">
            <facts argument="LOGIC">
              <value xsi:type="EM:StringValue" value="@quot;LOGIC@quot;"/>
            </facts>
          </leftExpression>
          <rightExpression xsi:type="EM:InfixExpression">
            <leftExpression xsi:type="EM:Antecedent" alias="Last Order" id="L3" template="EKS_EVAL_L">
              <facts argument="EXPRESSION">
                <value xsi:type="EM:StringValue" value="EKS_COMMON->EVENT_REPEAT_INDEX = 1"/>
              </facts>
            </leftExpression>
            <rightExpression xsi:type="EM:InfixExpression">
              <leftExpression xsi:type="EM:Antecedent" alias="PowerPlan" id="L4" template="EKS_CALC_SAVE_L">
                <facts argument="EXPRESSION">
                  <value xsi:type="EM:StringValue" value="select into &quot;nl:&quot;@NEWLINEfrom orders o, act_pw_comp apc, pathway p, pathway_catalog pc@NEWLINEplan o where o.order_id =  trigger_orderid@NEWLINEjoin apc where o.order_id = apc.parent_entity_id and apc.parent_entity_name = &quot;ORDERS&quot;@NEWLINEjoin p where apc.pathway_id = p.pathway_id@NEWLINEjoin pc where pc.pathway_catalog_id = p.pw_cat_group_id@NEWLINEand pc.pathway_type_cd not in(value(uar_get_code_by(&quot;DISPLAY&quot;,30183,&quot;Laboratory&quot;)))@NEWLINEorder by p.pw_group_desc, p.pw_group_nbr@NEWLINEhead report@NEWLINE&#x9;log_retval = 100@NEWLINE&#x9;log_misc1 = &quot;&lt;NOT FOUND>&quot;@NEWLINEhead p.pw_group_nbr@NEWLINE&#x9;log_misc1 = pc.description@NEWLINE&#x9;log_encntrid = p.encntr_id@NEWLINE&#x9;log_retval = 100@NEWLINEwith nocounter, nullreport go"/>
                </facts>
              </leftExpression>
              <rightExpression xsi:type="EM:InfixExpression">
                <leftExpression xsi:type="EM:GroupExpression">
                  <expression xsi:type="EM:InfixExpression" operator="OR">
                    <leftExpression xsi:type="EM:Antecedent" alias="Copy of BCH Facility" id="L5" template="EKS_EVAL_L">
                      <facts argument="EXPRESSION">
                        <value xsi:type="EM:StringValue" value="&quot;@PTFACENC:{PowerPlan}&quot; = &quot;BCH*&quot;@NEWLINE"/>
                      </facts>
                    </leftExpression>
                    <rightExpression xsi:type="EM:Antecedent" alias="BCW NICU" id="L6" template="EKS_EVAL_L">
                      <facts argument="EXPRESSION">
                        <value xsi:type="EM:StringValue" value="&quot;@PTNURSENC:{PowerPlan}&quot; = &quot;BCW*NICU*&quot;@NEWLINE"/>
                      </facts>
                    </rightExpression>
                  </expression>
                </leftExpression>
                <rightExpression xsi:type="EM:InfixExpression">
                  <leftExpression xsi:type="EM:Antecedent" alias="PowerPlan Check" id="L7" template="EKS_EVAL_L">
                    <facts argument="EXPRESSION">
                      <value xsi:type="EM:StringValue" value="&quot;@MISC:{PowerPlan}&quot; not in(@NEWLINE&#x9; &quot;&lt;NOT FOUND>&quot;@NEWLINE&#x9;,&quot;*PED*&quot;@NEWLINE&#x9;,&quot;PED/NEO*&quot;@NEWLINE&#x9;,&quot;PICU*&quot;@NEWLINE&#x9;,&quot;NICU*&quot;@NEWLINE&#x9;,&quot;NEO*&quot;@NEWLINE&#x9;,&quot;ADULT/PED*&quot;@NEWLINE&#x9;,&quot;Provider Student Proposed PowerPlan - For Students Only&quot;@NEWLINE&#x9;,&quot;RESEARCH Orders&quot;)"/>
                    </facts>
                  </leftExpression>
                  <rightExpression xsi:type="EM:InfixExpression">
                    <leftExpression xsi:type="EM:Antecedent" alias="TriggerOID" id="L8" template="EKS_CALC_SAVE_L">
                      <facts argument="EXPRESSION">
                        <value xsi:type="EM:StringValue" value="set log_misc1 = cnvtstring(trigger_orderid) go"/>
                      </facts>
                    </leftExpression>
                    <rightExpression xsi:type="EM:Antecedent" id="L9" template="EKS_BUILD_MESSAGE_L">
                      <facts argument="ACTION">
                        <value xsi:type="EM:ListValue">
                          <values xsi:type="EM:ListValue">
                            <values xsi:type="EM:CustomValue" hideDisplay="true">
                              <customValue xsi:type="EM:StringValue" value="1"/>
                            </values>
                            <values xsi:type="EM:StringValue" value="Create"/>
                          </values>
                        </value>
                      </facts>
                      <facts argument="MSGNAME">
                        <value xsi:type="EM:StringValue" value="PATIENTDATA"/>
                      </facts>
                      <facts argument="MSGTEXT">
                        <value xsi:type="EM:StringValue" value="@PATIENTID:{PowerPlan}|@ENCOUNTERID:{PowerPlan}|@MISC:{TriggerOID}|@MISC:{PowerPlan}"/>
                      </facts>
                      <facts argument="OPT_DELIMITER">
                        <value xsi:type="EM:StringValue"/>
                      </facts>
                    </rightExpression>
                  </rightExpression>
                </rightExpression>
              </rightExpression>
            </rightExpression>
          </rightExpression>
        </rightExpression>
      </logicExpression>
    </logicSection>
    <actionSection>
      <action xsi:type="EM:ActionExpression">
        <logicExpression xsi:type="EM:Antecedent" id="A1" template="EKS_NOTIFY">
          <facts argument="SUBJECT">
            <value xsi:type="EM:StringValue" value="Invalid PowerPlan"/>
          </facts>
          <facts argument="MESSAGE">
            <value xsi:type="EM:StringValue" value="@FILE:[cust_script:bcc_oe_ped_adult_pp.html]"/>
          </facts>
          <facts argument="LOCATION">
            <value xsi:type="EM:StringValue" value="REPLY"/>
          </facts>
          <facts argument="PROCEDURE">
            <value xsi:type="EM:AntecedentReference" antecedent="//@ruleDefinition/@logicSection/@logicExpression/@rightExpression/@leftExpression"/>
          </facts>
          <facts argument="PRIORITY">
            <value xsi:type="EM:StringValue" value="HIGH"/>
          </facts>
          <facts argument="CLASS">
            <value xsi:type="EM:StringValue" value="APPLICATION"/>
          </facts>
          <facts argument="SUBCLASS">
            <value xsi:type="EM:StringValue" value="DISCERN"/>
          </facts>
        </logicExpression>
      </action>
    </actionSection>
  </ruleDefinition>
</EM:ExpertModule>
