<?xml version="1.0" encoding="ASCII"?>
<EM:ExpertModule xmi:version="2.0" xmlns:xmi="http://www.omg.org/XMI" xmlns:xsi="http://www.w3.org/2001/XMLSchema-instance" xmlns:EM="http:///com.cerner.expert/expertmodule/1.0.0" moduleName="CST_EE_CANCEL_ORDER">
  <information>
    <runtimeInformation externalFileName="CST_EE_CANCEL_ORDER" lastUpdated="2022-03-10T12:02:48.000-0800" validtionType="PRODUCTION" title="CST_EE_CANCEL_ORDER" reconcileFlag="1" reconcileDate="2022-03-10T12:02:48.000-0800">
      <duration start="2021-07-09T00:00:00.000-0700" end="2100-12-31T23:59:59.000-0800"/>
      <updateUser userName="Cummings, Chad"/>
    </runtimeInformation>
    <documentation author="chad.cummings" institution="" specialist=""/>
  </information>
  <expertTemplates>
    <events>
      <event name=""/>
      <event name="ADDPROBLEM" number="2500"/>
      <event name="ADDTOSCRATCHPAD" number="2501"/>
      <event name="ALLERGY_EVENT" number="3100"/>
      <event name="AP_ORDER_EVENT" number="150"/>
      <event name="BB_RESULT_EVENT" number="101"/>
      <event name="CBTFLEXORDERS" number="2520"/>
      <event name="CHART_SERVER_EVENT" number="250"/>
      <event name="CLINICALTRIALSCREEN" number="402"/>
      <event name="CLINICAL_EVENT" number="350"/>
      <event name="CLOSECHART" number="2503"/>
      <event name="COLLECTION_EVENT" number="600"/>
      <event name="DCP_CN_TASK_UPD" number="532"/>
      <event name="DCP_MODTASK_EVENT" number="3636"/>
      <event name="DCP_PW_COND" number="529"/>
      <event name="DCP_PW_OUTCOME_EVENT" number="531"/>
      <event name="DIAGNOSIS_EVENT" number="3001"/>
      <event name="EKS_FORMAT" number="521"/>
      <event name="EKS_SYNC_TEST01" number="98"/>
      <event name="EKS_TEST_02" number="9999"/>
      <event name="EKS_TEST_EVENT" number="99"/>
      <event name="EKS_TEST_EVENT01" number="400"/>
      <event name="ENSURE_EVENT" number="520"/>
      <event name="EXPERT_EVENT" number="401"/>
      <event name="HEALTHE_EVENT" number="3200"/>
      <event name="HEALTH_MAINT_QUAL_EVENT" number="451"/>
      <event name="HIM_ADD_REQUEST" number="515"/>
      <event name="HIM_ADMIT_EVENT" number="511"/>
      <event name="HIM_PATIENT_INFO_REQUEST" number="530"/>
      <event name="HIM_TEST_EVENT" number="510"/>
      <event name="HL7_EVENT" number="7"/>
      <event name="MB_EXPEDITE" number="201"/>
      <event name="MB_RESULT_EVENT" number="102"/>
      <event name="MB_SCRIPTED_WORKUPS" number="203"/>
      <event name="MB_SUSCEPTIBILITY" number="202"/>
      <event name="MDI_RESULT_EVENT" number="700"/>
      <event name="MEDCHARTACTIVATE" number="2505"/>
      <event name="MPI_ADT" number="601"/>
      <event name="OPENCHART" number="2502"/>
      <event name="ORDER_EVENT" number="300"/>
      <event name="ORDER_PRO_TEST1" number="2000"/>
      <event name="PATIENT_EVENT" number="500"/>
      <event name="PCA_EXPERT_EVENT" number="403"/>
      <event name="Person_Transaction" number="501"/>
      <event name="PFT_Add_Account" number="1010"/>
      <event name="PFT_ADJ_WO" number="1000"/>
      <event name="PFT_CHARGE_EVENT" number="903"/>
      <event name="pft_check_amount" number="1015"/>
      <event name="PFT_VEHICLE" number="1001"/>
      <event name="PNTFLEXREFRANGE" number="2507"/>
      <event name="POWERPLANFLEX" number="2508"/>
      <event name="PROBLEM_EVENT" number="2601"/>
      <event name="PROFIT_1450_CLAIM_EVENT" number="901"/>
      <event name="PROFIT_1500_CLAIM_EVENT" number="902"/>
      <event name="PROVIDER_CHG_EVENT" number="10"/>
      <event name="PROVIDE_EVENT" number="2324"/>
      <event name="PWRCHRT_ADD_ORDER" number="2323"/>
      <event name="RESULT_EVENT" number="100"/>
      <event name="RESULT_EVENT_CSM" number="124"/>
      <event name="RESULT_EVENT_TEST" number="123"/>
      <event name="SAASADDTOSCRATCHPAD" number="2512"/>
      <event name="SCH_ACTION_EVENT" number="820"/>
      <event name="SIGNORDER" number="2504"/>
      <event name="SN New Pref Card Created" number="10000"/>
      <event name="SN_CASE_CHECK_IN_EVENT" number="802"/>
      <event name="SN_CASE_EVENT" number="801"/>
      <event name="SN_CASE_SCHEDULE_EVENT" number="804"/>
      <event name="SN_DOCUMENT_OPEN" number="800"/>
      <event name="SN_DOCUMENT_STATE" number="806"/>
      <event name="SN_FINALIZE_DOC_EVENT" number="803"/>
      <event name="SN_PROCEDURE_SCHEDULE" number="807"/>
      <event name="SN_SAVE_PROCEDURE" number="805"/>
      <event name="SN_TEST_EVENT" number="899"/>
      <event name="SOCIAL_HISTORY_ADD" number="750"/>
      <event name="SYNCHEVENT" number="2506"/>
      <event name="TOCFLEX" number="2550"/>
      <event name="TOUCHOPENCHART" number="2510"/>
    </events>
    <evokeTemplates>
      <templateDefinitions xsi:type="EM:ExpertTemplate" name="EKS_EXPERT_TRIGGER_E" definition="the Expert trigger is listed in TRIGGER." description="Trigger" eventDependency="//@expertTemplates/@events/@event.8 //@expertTemplates/@events/@event.23 //@expertTemplates/@events/@event.42" reconcilable="true">
        <keywords>EXPERTEVENT</keywords>
        <arguments xsi:type="EM:ReferentialArgument" name="TRIGGER" dataType="CHARACTER" controlType="LISTBOX" validationType="REFERENTIAL" required="true" reconcileScript="N/A">
          <statements dependency="TRIGGER" statement="select trigger_name=&quot;Double click in lower box to enter trigger name(s)&quot; from (dummyt d with seq = 1)"/>
        </arguments>
      </templateDefinitions>
      <templateDefinitions xsi:type="EM:ExpertTemplate" name="EKS_DEBUGEKM_E" definition="Turn debug messaging DEBUG_STATUS" description="Turn debug messaging on or off" eventDependency="//@expertTemplates/@events/@event.1 //@expertTemplates/@events/@event.2 //@expertTemplates/@events/@event.3 //@expertTemplates/@events/@event.4 //@expertTemplates/@events/@event.5 //@expertTemplates/@events/@event.8 //@expertTemplates/@events/@event.9 //@expertTemplates/@events/@event.10 //@expertTemplates/@events/@event.11 //@expertTemplates/@events/@event.13 //@expertTemplates/@events/@event.16 //@expertTemplates/@events/@event.23 //@expertTemplates/@events/@event.26 //@expertTemplates/@events/@event.27 //@expertTemplates/@events/@event.28 //@expertTemplates/@events/@event.31 //@expertTemplates/@events/@event.32 //@expertTemplates/@events/@event.33 //@expertTemplates/@events/@event.34 //@expertTemplates/@events/@event.36 //@expertTemplates/@events/@event.38 //@expertTemplates/@events/@event.39 //@expertTemplates/@events/@event.41 //@expertTemplates/@events/@event.42 //@expertTemplates/@events/@event.45 //@expertTemplates/@events/@event.44 //@expertTemplates/@events/@event.48 //@expertTemplates/@events/@event.49 //@expertTemplates/@events/@event.50 //@expertTemplates/@events/@event.51 //@expertTemplates/@events/@event.55 //@expertTemplates/@events/@event.57 //@expertTemplates/@events/@event.58 //@expertTemplates/@events/@event.60 //@expertTemplates/@events/@event.62 //@expertTemplates/@events/@event.63 //@expertTemplates/@events/@event.64 //@expertTemplates/@events/@event.65 //@expertTemplates/@events/@event.66 //@expertTemplates/@events/@event.67 //@expertTemplates/@events/@event.68 //@expertTemplates/@events/@event.69 //@expertTemplates/@events/@event.70 //@expertTemplates/@events/@event.71 //@expertTemplates/@events/@event.73 //@expertTemplates/@events/@event.74 //@expertTemplates/@events/@event.75 //@expertTemplates/@events/@event.76 //@expertTemplates/@events/@event.47" reconcilable="true" alwaysTrue="true">
        <keywords>UTILITY</keywords>
        <arguments xsi:type="EM:ReferentialArgument" name="DEBUG_STATUS" dataType="CHARACTER" controlType="REFERENTIAL" validationType="READ_ONLY" required="true" reconcileScript="N/A" keyFieldIndex="2">
          <statements dependency="DEBUG_STATUS" statement="select debug_status = if (d.seq =  1) &quot;On for subsequent Evoke Templates&quot;&#xD;&#xA; elseif (d.seq = 2) &quot;Off for subsequent Evoke Templates&quot;&#xD;&#xA; elseif (d.seq = 3) &quot;On for all Logic Templates&quot;&#xD;&#xA; elseif (d.seq = 4) &quot;On for all Action Templates&quot;&#xD;&#xA; elseif (d.seq = 5) &quot;On for all Logic and Action Templates&quot;&#xD;&#xA; elseif (d.seq = 6) &quot;To FullAudit for this module only&quot;&#xD;&#xA; elseif (d.seq = 7) &quot;Additional EKSDATA logging&quot;&#xD;&#xA;ENDIF,&#xD;&#xA;_hidden = if (d.seq = 1) 1&#xD;&#xA; elseif (d.seq=2) 0&#xD;&#xA; elseif (d.seq=3) 2&#xD;&#xA; elseif (d.seq=4) 3&#xD;&#xA; elseif (d.seq=5) 4&#xD;&#xA; elseif (d.seq=6) 5&#xD;&#xA; elseif (d.seq=7) 6&#xD;&#xA;endif&#xD;&#xA;&#xD;&#xA;FROM (DUMMYT D WITH SEQ = VALUE(7))"/>
        </arguments>
      </templateDefinitions>
    </evokeTemplates>
    <logicTemplates>
      <templateDefinitions xsi:type="EM:ExpertTemplate" name="EKS_STOP_LOGIC_L" definition="the following templates are false, MODE logic evaluation" description="Used to control efficiency of Action Group rules" eventDependency="//@expertTemplates/@events/@event.1 //@expertTemplates/@events/@event.2 //@expertTemplates/@events/@event.3 //@expertTemplates/@events/@event.5 //@expertTemplates/@events/@event.8 //@expertTemplates/@events/@event.9 //@expertTemplates/@events/@event.10 //@expertTemplates/@events/@event.11 //@expertTemplates/@events/@event.13 //@expertTemplates/@events/@event.16 //@expertTemplates/@events/@event.23 //@expertTemplates/@events/@event.32 //@expertTemplates/@events/@event.36 //@expertTemplates/@events/@event.38 //@expertTemplates/@events/@event.39 //@expertTemplates/@events/@event.41 //@expertTemplates/@events/@event.42 //@expertTemplates/@events/@event.49 //@expertTemplates/@events/@event.50 //@expertTemplates/@events/@event.51 //@expertTemplates/@events/@event.55 //@expertTemplates/@events/@event.57 //@expertTemplates/@events/@event.58 //@expertTemplates/@events/@event.60 //@expertTemplates/@events/@event.62 //@expertTemplates/@events/@event.73 //@expertTemplates/@events/@event.74 //@expertTemplates/@events/@event.75 //@expertTemplates/@events/@event.76" reconcilable="true" alwaysTrue="true">
        <keywords>UTILITY</keywords>
        <arguments xsi:type="EM:FixedListArgument" name="MODE" dataType="CHARACTER" validationType="READ_ONLY" reconcileScript="N/A">
          <defaultValue xsi:type="EM:StringValue" value="STOP"/>
          <stringTable>
            <column value="STOP"/>
            <column value=" "/>
          </stringTable>
          <stringTable>
            <column value="CONTINUE"/>
            <column value=" "/>
          </stringTable>
        </arguments>
      </templateDefinitions>
      <templateDefinitions xsi:type="EM:ExpertTemplate" name="EKS_LOGIC_TRUE" definition="LOGIC is true" description="Always true" eventDependency="//@expertTemplates/@events/@event.1 //@expertTemplates/@events/@event.2 //@expertTemplates/@events/@event.3 //@expertTemplates/@events/@event.8 //@expertTemplates/@events/@event.9 //@expertTemplates/@events/@event.10 //@expertTemplates/@events/@event.11 //@expertTemplates/@events/@event.13 //@expertTemplates/@events/@event.16 //@expertTemplates/@events/@event.23 //@expertTemplates/@events/@event.24 //@expertTemplates/@events/@event.36 //@expertTemplates/@events/@event.38 //@expertTemplates/@events/@event.39 //@expertTemplates/@events/@event.41 //@expertTemplates/@events/@event.42 //@expertTemplates/@events/@event.49 //@expertTemplates/@events/@event.50 //@expertTemplates/@events/@event.51 //@expertTemplates/@events/@event.55 //@expertTemplates/@events/@event.57 //@expertTemplates/@events/@event.58 //@expertTemplates/@events/@event.60 //@expertTemplates/@events/@event.61 //@expertTemplates/@events/@event.62 //@expertTemplates/@events/@event.73 //@expertTemplates/@events/@event.74 //@expertTemplates/@events/@event.75 //@expertTemplates/@events/@event.76" reconcilable="true" alwaysTrue="true">
        <keywords>UTILITY</keywords>
        <arguments name="LOGIC" dataType="CHARACTER" reconcileScript="N/A">
          <defaultValue xsi:type="EM:StringValue" value="@quot;LOGIC@quot;"/>
        </arguments>
      </templateDefinitions>
      <templateDefinitions xsi:type="EM:ExpertTemplate" name="EKS_CALC_SAVE_L" definition="EXPRESSION" description="Create a value to be used by subsequent templates" eventDependency="//@expertTemplates/@events/@event.1 //@expertTemplates/@events/@event.2 //@expertTemplates/@events/@event.3 //@expertTemplates/@events/@event.5 //@expertTemplates/@events/@event.8 //@expertTemplates/@events/@event.9 //@expertTemplates/@events/@event.10 //@expertTemplates/@events/@event.11 //@expertTemplates/@events/@event.13 //@expertTemplates/@events/@event.16 //@expertTemplates/@events/@event.23 //@expertTemplates/@events/@event.36 //@expertTemplates/@events/@event.38 //@expertTemplates/@events/@event.39 //@expertTemplates/@events/@event.41 //@expertTemplates/@events/@event.42 //@expertTemplates/@events/@event.49 //@expertTemplates/@events/@event.50 //@expertTemplates/@events/@event.51 //@expertTemplates/@events/@event.55 //@expertTemplates/@events/@event.57 //@expertTemplates/@events/@event.58 //@expertTemplates/@events/@event.60 //@expertTemplates/@events/@event.62 //@expertTemplates/@events/@event.73 //@expertTemplates/@events/@event.74 //@expertTemplates/@events/@event.75 //@expertTemplates/@events/@event.76" reconcilable="true">
        <keywords>UTILITY, LOG_RETVAL</keywords>
        <arguments name="EXPRESSION" dataType="CHARACTER" controlType="TEXT_MULTI_LINE" required="true" reconcileScript="N/A"/>
      </templateDefinitions>
      <templateDefinitions xsi:type="EM:ExpertTemplate" name="EKS_EVAL_L" definition="EXPRESSION" description="Freetext CCL evaluation" eventDependency="//@expertTemplates/@events/@event.1 //@expertTemplates/@events/@event.2 //@expertTemplates/@events/@event.3 //@expertTemplates/@events/@event.5 //@expertTemplates/@events/@event.8 //@expertTemplates/@events/@event.9 //@expertTemplates/@events/@event.10 //@expertTemplates/@events/@event.11 //@expertTemplates/@events/@event.13 //@expertTemplates/@events/@event.16 //@expertTemplates/@events/@event.23 //@expertTemplates/@events/@event.24 //@expertTemplates/@events/@event.36 //@expertTemplates/@events/@event.38 //@expertTemplates/@events/@event.39 //@expertTemplates/@events/@event.41 //@expertTemplates/@events/@event.42 //@expertTemplates/@events/@event.49 //@expertTemplates/@events/@event.50 //@expertTemplates/@events/@event.51 //@expertTemplates/@events/@event.55 //@expertTemplates/@events/@event.57 //@expertTemplates/@events/@event.58 //@expertTemplates/@events/@event.60 //@expertTemplates/@events/@event.62 //@expertTemplates/@events/@event.73 //@expertTemplates/@events/@event.74 //@expertTemplates/@events/@event.75 //@expertTemplates/@events/@event.76" reconcilable="true">
        <keywords>UTILITY</keywords>
        <arguments name="EXPRESSION" dataType="CHARACTER" controlType="TEXT_MULTI_LINE" required="true" reconcileScript="N/A"/>
      </templateDefinitions>
    </logicTemplates>
    <actionTemplates>
      <templateDefinitions xsi:type="EM:ExpertTemplate" name="EKS_SETUP_UPDATE_ORDERS_A" definition="Setup GROUP_NAME with ACTION_TYPE orders for QUAL in LINK with OPT_COMMENT_TYPE of OPT_COMMENT" description="Prepare modify/cancel actions to be sent to the Order Server" eventDependency="//@expertTemplates/@events/@event.1 //@expertTemplates/@events/@event.2 //@expertTemplates/@events/@event.3 //@expertTemplates/@events/@event.5 //@expertTemplates/@events/@event.8 //@expertTemplates/@events/@event.9 //@expertTemplates/@events/@event.10 //@expertTemplates/@events/@event.11 //@expertTemplates/@events/@event.13 //@expertTemplates/@events/@event.16 //@expertTemplates/@events/@event.23 //@expertTemplates/@events/@event.32 //@expertTemplates/@events/@event.36 //@expertTemplates/@events/@event.38 //@expertTemplates/@events/@event.39 //@expertTemplates/@events/@event.41 //@expertTemplates/@events/@event.42 //@expertTemplates/@events/@event.51 //@expertTemplates/@events/@event.55 //@expertTemplates/@events/@event.56 //@expertTemplates/@events/@event.57 //@expertTemplates/@events/@event.60 //@expertTemplates/@events/@event.62 //@expertTemplates/@events/@event.73 //@expertTemplates/@events/@event.74 //@expertTemplates/@events/@event.76" optimizable="true" reconcilable="true">
        <keywords>ORDER</keywords>
        <arguments name="GROUP_NAME" dataType="CHARACTER" required="true" reconcileScript="N/A"/>
        <arguments xsi:type="EM:ReferentialArgument" name="ACTION_TYPE" dataType="CHARACTER" controlType="REFERENTIAL" validationType="READ_ONLY" required="true" optimizable="true" reconcileScript="eks_p_codeset_cki_refhelp  &quot;6003&quot;,&quot;CDF&quot;,&quot;&quot;" keyFieldIndex="2">
          <statements dependency="ACTION_TYPE" statement="execute eks_t_set_ord_ref_help &quot;HELPACTIONTYPES&quot;, &quot;&quot; go"/>
        </arguments>
        <arguments xsi:type="EM:ReferentialArgument" name="QUAL" dataType="CHARACTER" controlType="REFERENTIAL" validationType="READ_ONLY" required="true" reconcileScript="N/A" keyFieldIndex="2">
          <statements dependency="QUAL" statement="execute eks_t_set_ord_ref_help &quot;HELPQUAL&quot;, &quot;&quot; go"/>
        </arguments>
        <arguments name="LINK" dataType="LINK" controlType="TEMPLATE_REFERENCE" required="true" reconcileScript="N/A"/>
        <arguments xsi:type="EM:ReferentialArgument" name="OPT_COMMENT_TYPE" dataType="CHARACTER" controlType="REFERENTIAL" validationType="REFERENTIAL" optimizable="true" reconcileScript="eks_p_codeset_cki_refhelp  &quot;14&quot;,&quot;CDF&quot;,&quot;&quot;" keyFieldIndex="2">
          <statements dependency="OPT_COMMENT_TYPE" statement="execute eks_t_set_ord_ref_help &quot;HELPCOMMENTTYPE&quot;, &quot;&quot; go"/>
        </arguments>
        <arguments name="OPT_COMMENT" dataType="CHARACTER" controlType="TEXT_MULTI_LINE" reconcileScript="N/A"/>
      </templateDefinitions>
      <templateDefinitions xsi:type="EM:ExpertTemplate" name="EKS_SET_ORDER_DETAIL_A" definition="SET_ACTION ORDER_DETAIL equal to OPT_VALUE or inherit it from OPT_LINK for orders setup by GROUP_NAME" description="Set order detail values" eventDependency="//@expertTemplates/@events/@event.1 //@expertTemplates/@events/@event.2 //@expertTemplates/@events/@event.3 //@expertTemplates/@events/@event.5 //@expertTemplates/@events/@event.8 //@expertTemplates/@events/@event.9 //@expertTemplates/@events/@event.10 //@expertTemplates/@events/@event.11 //@expertTemplates/@events/@event.13 //@expertTemplates/@events/@event.16 //@expertTemplates/@events/@event.23 //@expertTemplates/@events/@event.32 //@expertTemplates/@events/@event.36 //@expertTemplates/@events/@event.38 //@expertTemplates/@events/@event.39 //@expertTemplates/@events/@event.41 //@expertTemplates/@events/@event.42 //@expertTemplates/@events/@event.51 //@expertTemplates/@events/@event.55 //@expertTemplates/@events/@event.56 //@expertTemplates/@events/@event.57 //@expertTemplates/@events/@event.60 //@expertTemplates/@events/@event.62 //@expertTemplates/@events/@event.73 //@expertTemplates/@events/@event.74 //@expertTemplates/@events/@event.76" optimizable="true" reconcilable="true">
        <keywords>ORDER</keywords>
        <arguments xsi:type="EM:FixedListArgument" name="SET_ACTION" dataType="CHARACTER" validationType="READ_ONLY" required="true" reconcileScript="N/A">
          <defaultValue xsi:type="EM:StringValue" value="SET"/>
          <stringTable>
            <column value="SET"/>
            <column value="Set or reset detail's value"/>
          </stringTable>
          <stringTable>
            <column value="ADD"/>
            <column value="Add details' value if it's not already set"/>
          </stringTable>
          <stringTable>
            <column value="UNSET"/>
            <column value="Empty detail's value (for NEW order only)"/>
          </stringTable>
        </arguments>
        <arguments xsi:type="EM:ReferentialArgument" name="ORDER_DETAIL" dataType="CHARACTER" controlType="LISTBOX" validationType="READ_ONLY" required="true" reconcileScript="eks_p_order_detail 5" keyFieldIndex="2">
          <statements dependency="ORDER_DETAIL" statement="execute eks_t_set_ord_ref_help &quot;HELPORDDETAILTYPE&quot;, &quot;2&quot; go&#xD;&#xA;"/>
          <statements dependency="ORDER_DETAIL" statement="execute eks_t_set_ord_ref_help &quot;HELPORDDETAIL&quot;, PAR1 go"/>
        </arguments>
        <arguments xsi:type="EM:ReferentialArgument" name="OPT_VALUE" dataType="CHARACTER" controlType="LISTBOX" validationType="READ_ONLY" dependency="ORDER_DETAIL" optimizable="true" reconcileScript="eks_p_list" keyFieldIndex="2">
          <statements dependency="OPT_VALUE" statement="execute eks_t_set_ord_ref_help &quot;HELPORDDETLIST1&quot;, PAR1 go"/>
          <statements dependency="OPT_VALUE" statement="execute eks_t_set_ord_ref_help &quot;HELPORDDETLIST2&quot;, PAR1 go"/>
        </arguments>
        <arguments name="OPT_LINK" dataType="LINK" controlType="TEMPLATE_REFERENCE" reconcileScript="N/A"/>
        <arguments name="GROUP_NAME" dataType="CHARACTER" required="true" reconcileScript="N/A"/>
      </templateDefinitions>
      <templateDefinitions xsi:type="EM:ExpertTemplate" name="EKS_CALL_ORDER_SERVER_A" definition="Call order server with OPT_COMMENT_TYPE of OPT_COMMENT" description="Send orders and actions from prior templates to the Order Server" eventDependency="//@expertTemplates/@events/@event.1 //@expertTemplates/@events/@event.2 //@expertTemplates/@events/@event.3 //@expertTemplates/@events/@event.5 //@expertTemplates/@events/@event.8 //@expertTemplates/@events/@event.9 //@expertTemplates/@events/@event.10 //@expertTemplates/@events/@event.11 //@expertTemplates/@events/@event.13 //@expertTemplates/@events/@event.16 //@expertTemplates/@events/@event.23 //@expertTemplates/@events/@event.32 //@expertTemplates/@events/@event.36 //@expertTemplates/@events/@event.38 //@expertTemplates/@events/@event.39 //@expertTemplates/@events/@event.41 //@expertTemplates/@events/@event.42 //@expertTemplates/@events/@event.51 //@expertTemplates/@events/@event.55 //@expertTemplates/@events/@event.56 //@expertTemplates/@events/@event.57 //@expertTemplates/@events/@event.60 //@expertTemplates/@events/@event.62 //@expertTemplates/@events/@event.73 //@expertTemplates/@events/@event.74 //@expertTemplates/@events/@event.76" optimizable="true" reconcilable="true">
        <keywords>ORDER</keywords>
        <arguments xsi:type="EM:ReferentialArgument" name="OPT_COMMENT_TYPE" dataType="CHARACTER" controlType="REFERENTIAL" validationType="REFERENTIAL" optimizable="true" reconcileScript="eks_p_codeset_cki_refhelp  &quot;14&quot;,&quot;CDF&quot;,&quot;&quot;" keyFieldIndex="2">
          <statements dependency="OPT_COMMENT_TYPE" statement="execute eks_t_set_ord_ref_help &quot;HELPCOMMENTTYPE&quot;, &quot;&quot; go"/>
        </arguments>
        <arguments name="OPT_COMMENT" dataType="CHARACTER" controlType="TEXT_MULTI_LINE" reconcileScript="N/A"/>
      </templateDefinitions>
    </actionTemplates>
  </expertTemplates>
  <ruleDefinition>
    <evokeSection>
      <evokes evokeEvent="//@expertTemplates/@events/@event.23">
        <logicExpression xsi:type="EM:InfixExpression">
          <leftExpression xsi:type="EM:Antecedent" id="E1" template="EKS_EXPERT_TRIGGER_E">
            <facts argument="TRIGGER">
              <value xsi:type="EM:ListValue">
                <values xsi:type="EM:ListValue">
                  <values xsi:type="EM:CustomValue" hideDisplay="true">
                    <customValue xsi:type="EM:StringValue" value=" "/>
                  </values>
                  <values xsi:type="EM:StringValue" value="CST_EE_CANCEL_ORDER"/>
                </values>
              </value>
            </facts>
          </leftExpression>
          <rightExpression xsi:type="EM:Antecedent" id="E2" template="EKS_DEBUGEKM_E">
            <facts argument="DEBUG_STATUS">
              <value xsi:type="EM:ListValue">
                <values xsi:type="EM:ListValue">
                  <values xsi:type="EM:CustomValue" hideDisplay="true">
                    <customValue xsi:type="EM:StringValue" value="5"/>
                  </values>
                  <values xsi:type="EM:StringValue" value="To FullAudit for this module only"/>
                </values>
              </value>
            </facts>
          </rightExpression>
        </logicExpression>
      </evokes>
    </evokeSection>
    <logicSection>
      <logicExpression xsi:type="EM:InfixExpression">
        <leftExpression xsi:type="EM:Antecedent" alias="Stop Logic" id="L1" template="EKS_STOP_LOGIC_L">
          <facts argument="MODE">
            <value xsi:type="EM:StringValue" value="STOP"/>
          </facts>
        </leftExpression>
        <rightExpression xsi:type="EM:InfixExpression">
          <leftExpression xsi:type="EM:Antecedent" alias="Patient Information" id="L2" template="EKS_LOGIC_TRUE">
            <facts argument="LOGIC">
              <value xsi:type="EM:StringValue" value="@quot;LOGIC@quot;"/>
            </facts>
          </leftExpression>
          <rightExpression xsi:type="EM:InfixExpression">
            <leftExpression xsi:type="EM:Antecedent" alias="Expert Trigger" id="L3" template="EKS_CALC_SAVE_L">
              <facts argument="EXPRESSION">
                <value xsi:type="EM:StringValue" value="trim(request->expert_trigger)"/>
              </facts>
            </leftExpression>
            <rightExpression xsi:type="EM:InfixExpression">
              <leftExpression xsi:type="EM:GroupExpression">
                <expression xsi:type="EM:InfixExpression" operator="OR">
                  <leftExpression xsi:type="EM:Antecedent" alias="Order Trigger" id="L4" template="EKS_EVAL_L">
                    <facts argument="EXPRESSION">
                      <value xsi:type="EM:StringValue" value="&quot;@MISC:{Expert Trigger}&quot; = &quot;CST_EE_CANCEL_ORDER&quot;"/>
                    </facts>
                  </leftExpression>
                  <rightExpression xsi:type="EM:Antecedent" alias="Invalid Trigger" id="L5" template="EKS_LOGIC_TRUE">
                    <facts argument="LOGIC">
                      <value xsi:type="EM:StringValue" value="@quot;LOGIC@quot;"/>
                    </facts>
                  </rightExpression>
                </expression>
              </leftExpression>
              <rightExpression xsi:type="EM:InfixExpression">
                <leftExpression xsi:type="EM:Antecedent" alias="Incoming Order ID" id="L6" template="EKS_CALC_SAVE_L">
                  <facts argument="EXPRESSION">
                    <value xsi:type="EM:StringValue" value="request->qual[event_repeat_index].data[1].double_var"/>
                  </facts>
                </leftExpression>
                <rightExpression xsi:type="EM:Antecedent" alias="Set Order ID" id="L7" template="EKS_CALC_SAVE_L">
                  <facts argument="EXPRESSION">
                    <value xsi:type="EM:StringValue" value="set eksdata->tqual[3]->qual[curindex].order_id = request->qual[event_repeat_index].data[1].double_var go"/>
                  </facts>
                </rightExpression>
              </rightExpression>
            </rightExpression>
          </rightExpression>
        </rightExpression>
      </logicExpression>
    </logicSection>
    <actionSection>
      <action xsi:type="EM:ActionExpression">
        <logicExpression xsi:type="EM:InfixExpression">
          <leftExpression xsi:type="EM:Antecedent" id="A1" template="EKS_SETUP_UPDATE_ORDERS_A">
            <facts argument="GROUP_NAME">
              <value xsi:type="EM:StringValue" value="ORD1"/>
            </facts>
            <facts argument="ACTION_TYPE">
              <value xsi:type="EM:ListValue">
                <values xsi:type="EM:ListValue">
                  <values xsi:type="EM:CustomValue" hideDisplay="true">
                    <customValue xsi:type="EM:StringValue" value="CDF6003:DISCONTINUE"/>
                  </values>
                  <values xsi:type="EM:StringValue" value="Discontinue"/>
                </values>
              </value>
            </facts>
            <facts argument="QUAL">
              <value xsi:type="EM:ListValue">
                <values xsi:type="EM:ListValue">
                  <values xsi:type="EM:CustomValue" hideDisplay="true">
                    <customValue xsi:type="EM:StringValue" value="1"/>
                  </values>
                  <values xsi:type="EM:StringValue" value="all"/>
                </values>
              </value>
            </facts>
            <facts argument="LINK">
              <value xsi:type="EM:AntecedentReference" antecedent="//@ruleDefinition/@logicSection/@logicExpression/@rightExpression/@rightExpression/@rightExpression/@rightExpression/@rightExpression"/>
            </facts>
            <facts argument="OPT_COMMENT_TYPE">
              <value xsi:type="EM:StringValue"/>
            </facts>
            <facts argument="OPT_COMMENT">
              <value xsi:type="EM:StringValue"/>
            </facts>
          </leftExpression>
          <rightExpression xsi:type="EM:InfixExpression">
            <leftExpression xsi:type="EM:Antecedent" id="A2" template="EKS_SET_ORDER_DETAIL_A">
              <facts argument="SET_ACTION">
                <value xsi:type="EM:StringValue" value="SET"/>
              </facts>
              <facts argument="ORDER_DETAIL">
                <value xsi:type="EM:ListValue">
                  <values xsi:type="EM:ListValue">
                    <values xsi:type="EM:CustomValue" hideDisplay="true">
                      <customValue xsi:type="EM:StringValue" value="I|communicationTypeCd|1|2|6006|+oa.communication_type_cd|1"/>
                    </values>
                    <values xsi:type="EM:StringValue" value="Communication Type"/>
                    <values xsi:type="EM:ListValue">
                      <values xsi:type="EM:CustomValue" hideDisplay="true">
                        <customValue xsi:type="EM:StringValue" value="ORDER LIST"/>
                      </values>
                    </values>
                  </values>
                </value>
              </facts>
              <facts argument="OPT_VALUE">
                <value xsi:type="EM:ListValue">
                  <values xsi:type="EM:ListValue">
                    <values xsi:type="EM:CustomValue" hideDisplay="true">
                      <customValue xsi:type="EM:StringValue" value="CKI.CODEVALUE!3362423"/>
                    </values>
                    <values xsi:type="EM:StringValue" value="Discern Expert"/>
                    <values xsi:type="EM:ListValue">
                      <values xsi:type="EM:CustomValue" hideDisplay="true">
                        <customValue xsi:type="EM:StringValue" value="I|communicationTypeCd|1|2|6006"/>
                      </values>
                    </values>
                  </values>
                </value>
              </facts>
              <facts argument="OPT_LINK">
                <value xsi:type="EM:AntecedentReference"/>
              </facts>
              <facts argument="GROUP_NAME">
                <value xsi:type="EM:StringValue" value="ORD1"/>
              </facts>
            </leftExpression>
            <rightExpression xsi:type="EM:Antecedent" id="A3" template="EKS_CALL_ORDER_SERVER_A">
              <facts argument="OPT_COMMENT_TYPE">
                <value xsi:type="EM:StringValue"/>
              </facts>
              <facts argument="OPT_COMMENT">
                <value xsi:type="EM:StringValue"/>
              </facts>
            </rightExpression>
          </rightExpression>
        </logicExpression>
      </action>
    </actionSection>
  </ruleDefinition>
</EM:ExpertModule>
